<?xml version="1.0" encoding="UTF-8"?>
<!DOCTYPE mapper PUBLIC "-//mybatis.org//DTD Mapper 3.0//EN" "http://mybatis.org/dtd/mybatis-3-mapper.dtd">
<mapper namespace="com.jl.psi.mapper.SalesOrderReviewerMapper">
  <resultMap id="BaseResultMap" type="com.jl.psi.model.SalesOrderReviewer">
    <id column="id" jdbcType="INTEGER" property="id" />
    <result column="sales_order_id" jdbcType="INTEGER" property="salesOrderId" />
    <result column="reviewer_id" jdbcType="INTEGER" property="reviewerId" />
    <result column="reviewer_type" jdbcType="INTEGER" property="reviewerType" />
  </resultMap>
  <sql id="Base_Column_List">
    id, sales_order_id, reviewer_id, reviewer_type
  </sql>
  <select id="selectByPrimaryKey" parameterType="java.lang.Integer" resultMap="BaseResultMap">
    select 
    <include refid="Base_Column_List" />
    from sales_order_reviewer
    where id = #{id,jdbcType=INTEGER}
  </select>
  <delete id="deleteByPrimaryKey" parameterType="java.lang.Integer">
    delete from sales_order_reviewer
    where id = #{id,jdbcType=INTEGER}
  </delete>
  <insert id="insert" parameterType="com.jl.psi.model.SalesOrderReviewer">
    insert into sales_order_reviewer (id, sales_order_id, reviewer_id, 
      reviewer_type)
    values (#{id,jdbcType=INTEGER}, #{salesOrderId,jdbcType=INTEGER}, #{reviewerId,jdbcType=INTEGER}, 
      #{reviewerType,jdbcType=INTEGER})
  </insert>
  <insert id="insertSelective" parameterType="com.jl.psi.model.SalesOrderReviewer">
    insert into sales_order_reviewer
    <trim prefix="(" suffix=")" suffixOverrides=",">
      <if test="id != null">
        id,
      </if>
      <if test="salesOrderId != null">
        sales_order_id,
      </if>
      <if test="reviewerId != null">
        reviewer_id,
      </if>
      <if test="reviewerType != null">
        reviewer_type,
      </if>
    </trim>
    <trim prefix="values (" suffix=")" suffixOverrides=",">
      <if test="id != null">
        #{id,jdbcType=INTEGER},
      </if>
      <if test="salesOrderId != null">
        #{salesOrderId,jdbcType=INTEGER},
      </if>
      <if test="reviewerId != null">
        #{reviewerId,jdbcType=INTEGER},
      </if>
      <if test="reviewerType != null">
        #{reviewerType,jdbcType=INTEGER},
      </if>
    </trim>
  </insert>
  <update id="updateByPrimaryKeySelective" parameterType="com.jl.psi.model.SalesOrderReviewer">
    update sales_order_reviewer
    <set>
      <if test="salesOrderId != null">
        sales_order_id = #{salesOrderId,jdbcType=INTEGER},
      </if>
      <if test="reviewerId != null">
        reviewer_id = #{reviewerId,jdbcType=INTEGER},
      </if>
      <if test="reviewerType != null">
        reviewer_type = #{reviewerType,jdbcType=INTEGER},
      </if>
    </set>
    where id = #{id,jdbcType=INTEGER}
  </update>
  <update id="updateByPrimaryKey" parameterType="com.jl.psi.model.SalesOrderReviewer">
    update sales_order_reviewer
    set sales_order_id = #{salesOrderId,jdbcType=INTEGER},
      reviewer_id = #{reviewerId,jdbcType=INTEGER},
      reviewer_type = #{reviewerType,jdbcType=INTEGER}
    where id = #{id,jdbcType=INTEGER}
  </update>
  
  
  
  <select id="selectBySalesOrderIdAndReviewerType"  resultMap="BaseResultMap">
    select 
    *
    from sales_order_reviewer
    where sales_order_id = #{salesOrderId,jdbcType=INTEGER} and reviewer_type = #{reviewerType,jdbcType=INTEGER}
  </select>
  
  <!-- 根据销售订购id列表删除信息 -->
  <delete id="deleteFromSalesOrderIds" parameterType="java.util.List">
  	delete from sales_order_reviewer where sales_order_id in (
		<foreach collection="list" item="so" separator=",">
			#{so.id,jdbcType=INTEGER}
		</foreach>
		)
  </delete>
</mapper>