<?xml version="1.0" encoding="UTF-8"?>
<!DOCTYPE mapper PUBLIC "-//mybatis.org//DTD Mapper 3.0//EN" "http://mybatis.org/dtd/mybatis-3-mapper.dtd">
<mapper namespace="com.jl.psi.mapper.ShippingModeMapper">
	<resultMap id="BaseResultMap" type="com.jl.psi.model.ShippingMode">
		<id column="id" jdbcType="INTEGER" property="id" />
		<result column="name" jdbcType="VARCHAR" property="name" />
		<result column="operator_identifier" jdbcType="VARCHAR"
			property="operatorIdentifier" />
		<result column="operator_time" jdbcType="TIMESTAMP" property="operatorTime" />
		<result column="is_delete" jdbcType="INTEGER" property="isDelete" />
		<association property="person" javaType="com.jl.psi.model.Person"
			resultMap="PersonResultMap" />
	</resultMap>
	
	<!-- 用户信息 -->
	<resultMap id="PersonResultMap" type="com.jl.psi.model.Person">
		<result column="uname" jdbcType="VARCHAR" property="name" />
	</resultMap>
	<sql id="Base_Column_List">
		id, name, operator_identifier, operator_time,is_delete
	</sql>
	
	<!--定义一个sql片段 -->
	<sql id="query_where">
		<if test="sname!=null and sname!=''">
			AND s.name like '%${sname}%'
		</if>
		<if test="operatorName!=null and operatorName!=''">
			AND u.name like '%${operatorName}%'
		</if>
		<if test="beginTime!=null and beginTime!=''">
			AND date_format(s.operator_time,'%Y-%m-%d') &gt;= #{beginTime}
			AND date_format(s.operator_time,'%Y-%m-%d') &lt;= #{endTime}
		</if>
	</sql>

	<!-- 根据主键查询信息 -->
	<select id="selectByPrimaryKey" parameterType="java.lang.Integer"
		resultMap="BaseResultMap">
		select
		<include refid="Base_Column_List" />
		from shipping_mode
		where id = #{id,jdbcType=INTEGER}
		
	</select>
	
	<!-- 查询所有信息 -->
	<select id="getAllShippingMode" resultMap="BaseResultMap">
		select
		<include refid="Base_Column_List" />
		from shipping_mode
		where is_delete = 0
	</select>
	
	<!-- 根据主键删除 信息 -->
	<delete id="deleteByPrimaryKey" parameterType="java.lang.Integer">
		delete from
		shipping_mode
		where id = #{id,jdbcType=INTEGER}
	</delete>
	
	<!-- 保存全部信息 -->
	<insert id="insert" parameterType="com.jl.psi.model.ShippingMode">
		insert into shipping_mode (id,
		name, operator_identifier,
		operator_time,is_delete)
		values
		(#{id,jdbcType=INTEGER}, #{name,jdbcType=VARCHAR},
		#{operatorIdentifier,jdbcType=VARCHAR},
		#{operatorTime,jdbcType=TIMESTAMP}, #{isDelete,jdbcType=INTEGER})
	</insert>
	
	<!-- 保存所选内容的信息 -->
	<insert id="insertSelective" parameterType="com.jl.psi.model.ShippingMode">
		insert into shipping_mode
		<trim prefix="(" suffix=")" suffixOverrides=",">
			<if test="id != null">
				id,
			</if>
			<if test="name != null">
				name,
			</if>
			<if test="operatorIdentifier != null">
				operator_identifier,
			</if>
			<if test="operatorTime != null">
				operator_time,
			</if>
			<if test="isDelete != null">
				is_delete,
			</if>
		</trim>
		<trim prefix="values (" suffix=")" suffixOverrides=",">
			<if test="id != null">
				#{id,jdbcType=INTEGER},
			</if>
			<if test="name != null">
				#{name,jdbcType=VARCHAR},
			</if>
			<if test="operatorIdentifier != null">
				#{operatorIdentifier,jdbcType=VARCHAR},
			</if>
			<if test="operatorTime != null">
				#{operatorTime,jdbcType=TIMESTAMP},
			</if>
			<if test="isDelete != null">
				#{isDelete,jdbcType=INTEGER},
			</if>
		</trim>
	</insert>
	
	<!-- 根据主键更新所选内容 -->
	<update id="updateByPrimaryKeySelective" parameterType="com.jl.psi.model.ShippingMode">
		update shipping_mode
		<set>
			<if test="name != null">
				name = #{name,jdbcType=VARCHAR},
			</if>
			<if test="operatorIdentifier != null">
				operator_identifier =
				#{operatorIdentifier,jdbcType=VARCHAR},
			</if>
			<if test="operatorTime != null">
				operator_time = #{operatorTime,jdbcType=TIMESTAMP},
			</if>
			<if test="isDelete != null">
				is_delete = #{isDelete,jdbcType=INTEGER},
	  		</if>
		</set>
		where id = #{id,jdbcType=INTEGER}
	</update>
	
	<!-- 根据主键更新全部内容 -->
	<update id="updateByPrimaryKey" parameterType="com.jl.psi.model.ShippingMode">
		update
		shipping_mode
		set name = #{name,jdbcType=VARCHAR},
		operator_identifier =
		#{operatorIdentifier,jdbcType=VARCHAR},
		operator_time =
		#{operatorTime,jdbcType=TIMESTAMP},
		is_delete = #{isDelete,jdbcType=INTEGER}
		where id = #{id,jdbcType=INTEGER}
	</update>
	
	<!-- 新增前判断名称是否存在 -->
	<select id="selectShippingModeNamePreventRepeatAdd" resultMap="BaseResultMap">
	select * from shipping_mode where name = #{name,jdbcType=VARCHAR} and is_delete = 0
	</select>
	
	<!-- 编辑前判断名称是否存在 -->
	<select id="selectShippingModeNamePreventRepeatedit" resultMap="BaseResultMap">
	select * from shipping_mode where name = #{name,jdbcType=VARCHAR} and id != #{id,jdbcType=INTEGER} and is_delete = 0
	</select>
	
	<!-- 根据主键批量查询信息 -->
	<select id="selectBatchByPrimaryKey" resultMap="BaseResultMap">
		select
		<include refid="Base_Column_List" />
		from shipping_mode
		where id in (
		<foreach collection="list" item="item" separator=",">
			#{item}
		</foreach>
		)
	</select>
	
	<!-- 根据主键批量删除 信息 -->
	<delete id="deleteBatchByPrimaryKey">
		<!-- delete from
		shipping_mode
		where id in (
		<foreach collection="list" item="item" separator=",">
			#{item}
		</foreach>
		) -->
		update shipping_mode set is_delete = 1 where id in (
		<foreach collection="list" item="item" separator=",">
			#{item}
		</foreach>
		)
	</delete>
	
	<!-- 导出全部信息的查询 -->
	<select id="exportShippingMode" resultMap="BaseResultMap">
		SELECT
		s.*, 
		u. NAME uname
		FROM
		shipping_mode s
		LEFT JOIN person u
		ON u.identifier = s.operator_identifier
		where 1=1
		<include refid="query_where"></include>
	</select>
	
	
	<!-- 判断该运输方式是否被占用 -->
	
	<!-- 判断调拨单中该运输方式是否存在 -->
	<select id="selectShippingModeIsExistFromAO" resultMap="BaseResultMap">
	SELECT
		sm.id,sm.`name`
	FROM
		allot_order ao
	LEFT JOIN shipping_mode sm ON sm.id = ao.shipping_mode_id
	where ao.shipping_mode_id in (
		<foreach collection="list" item="item" separator=",">
			#{item}
		</foreach>
		)
	GROUP BY ao.shipping_mode_id
	</select>
	
	<!-- 判断采购单中该运输方式是否存在 -->
	<select id="selectShippingModeIsExistFromPT" resultMap="BaseResultMap">
	SELECT
		sm.id,sm.`name`
	FROM
		procure_table pt
	LEFT JOIN shipping_mode sm ON sm.id = pt.transportation_mode
	where pt.is_delete=0 and pt.transportation_mode in (
		<foreach collection="list" item="item" separator=",">
			#{item}
		</foreach>
		)
	GROUP BY pt.transportation_mode
	</select>
	
	<!-- 判断销售单中该运输方式是否存在 -->
	<select id="selectShippingModeIsExistFromSO" resultMap="BaseResultMap">
	SELECT
		sm.id,sm.`name`
	FROM
		sales_order so
	LEFT JOIN shipping_mode sm ON sm.id = so.shipping_mode_id
	where so.state!=37 and so.shipping_mode_id in (
		<foreach collection="list" item="item" separator=",">
			#{item}
		</foreach>
		)
	GROUP BY so.shipping_mode_id
	</select>
	
	
	<!-- datatable 分页 start -->
	<!-- 查询记录总条数 -->
	<select id="iTotalRecords" resultType="java.lang.Integer">
		select count(1)
		from
		shipping_mode s
		LEFT JOIN person u
		ON u.identifier = s.operator_identifier
	</select>
	<!-- 查询所有信息 结果集 -->
	<select id="selectForSearch" resultMap="BaseResultMap">
		SELECT
		s.*, 
		u. NAME uname
		FROM
		shipping_mode s
		LEFT JOIN person u
		ON u.identifier = s.operator_identifier
		where 1=1
		<include refid="query_where"></include>
		<if test="desc!=null and desc!='' ">
			order by ${desc} desc
		</if>
		<if test="asc!=null and asc!='' ">
			order by ${asc} asc
		</if>
		limit ${iDisplayStart},${pageDisplayLength}
	</select>
	<!-- 通过查询条件过滤后的总记录 -->
	<select id="iTotalDisplayRecords" resultType="java.lang.Integer">
		select count(1)
		from
		shipping_mode s
		LEFT JOIN person u
		ON u.identifier = s.operator_identifier
		where 1=1
		<include refid="query_where"></include>
	</select>
	<!-- datatable 分页 end -->
</mapper>