<?xml version="1.0" encoding="UTF-8"?>
<!DOCTYPE mapper PUBLIC "-//mybatis.org//DTD Mapper 3.0//EN" "http://mybatis.org/dtd/mybatis-3-mapper.dtd">
<mapper namespace="com.jl.psi.mapper.SupctoMapper">
  <resultMap id="BaseResultMap" type="com.jl.psi.model.Supcto">
    <id column="id" jdbcType="INTEGER" property="id" />
    <result column="classification_id" jdbcType="INTEGER" property="classificationId" />
    <result column="name" jdbcType="VARCHAR" property="name" />
    <result column="full_name" jdbcType="VARCHAR" property="fullName" />
    <result column="frade" jdbcType="INTEGER" property="frade" />
    <result column="from_type" jdbcType="INTEGER" property="fromType" />
    <result column="settlement_type_id" jdbcType="INTEGER" property="settlementTypeId" />
    <result column="phone" jdbcType="VARCHAR" property="phone" />
    <result column="contact_people" jdbcType="VARCHAR" property="contactPeople" />
    <result column="postcode" jdbcType="VARCHAR" property="postcode" />
    <result column="fax" jdbcType="VARCHAR" property="fax" />
    <result column="bank_account" jdbcType="VARCHAR" property="bankAccount" />
    <result column="bank" jdbcType="VARCHAR" property="bank" />
    <result column="ratepaying" jdbcType="VARCHAR" property="ratepaying" />
    <result column="mailbox" jdbcType="VARCHAR" property="mailbox" />
    <result column="invoice_type" jdbcType="INTEGER" property="invoiceType" />
    <result column="delivery_address" jdbcType="VARCHAR" property="deliveryAddress" />
    <result column="credit_days" jdbcType="INTEGER" property="creditDays" />
    <result column="credit_money" jdbcType="DOUBLE" property="creditMoney" />
    <result column="identifier" jdbcType="VARCHAR" property="identifier" />
    <result column="information" jdbcType="VARCHAR" property="information" />
    <result column="other_information" jdbcType="VARCHAR" property="otherInformation" />
    <result column="department_id" jdbcType="INTEGER" property="departmentId" />
    <result column="person_id" jdbcType="INTEGER" property="personId" />
    <result column="currency" jdbcType="INTEGER" property="currency" />
    <result column="communication_address" jdbcType="VARCHAR" property="communicationAddress" />
    <result column="memory_code" jdbcType="VARCHAR" property="memoryCode" />
    <result column="taxes" jdbcType="DOUBLE" property="taxes" />
    <result column="member" jdbcType="VARCHAR" property="member" />
    <result column="shipping_mode_id" jdbcType="INTEGER" property="shippingModeId" />
    <result column="remark" jdbcType="VARCHAR" property="remark" />
    <result column="common_phone" jdbcType="VARCHAR" property="commonPhone" />
    <result column="reserve_phone" jdbcType="VARCHAR" property="reservePhone" />
    <result column="state" jdbcType="INTEGER" property="state" />
    <result column="province" jdbcType="VARCHAR" property="province" />
    <result column="city" jdbcType="VARCHAR" property="city" />
    <result column="area" jdbcType="VARCHAR" property="area" />
    <result column="province_code" jdbcType="VARCHAR" property="provinceCode" />
    <result column="city_code" jdbcType="VARCHAR" property="cityCode" />
    <result column="area_code" jdbcType="VARCHAR" property="areaCode" />
    <result column="customer_or_supplier" jdbcType="INTEGER" property="customerOrSupplier" />
    <result column="operator_identifier" jdbcType="VARCHAR" property="operatorIdentifier" />
    <result column="operator_time" jdbcType="TIMESTAMP" property="operatorTime" />
    <result column="website" jdbcType="VARCHAR" property="website" />
    <result column="useable" jdbcType="INTEGER" property="useable" />
    <result column="is_show" jdbcType="INTEGER" property="isShow" />
    <result column="parent_id" jdbcType="INTEGER" property="parentId" />
    <result column="advance_money" jdbcType="DOUBLE" property="advanceMoney"/>
    <result column="classificationOneName" jdbcType="VARCHAR" property="classificationOneName" />
    <result column="classificationTweName" jdbcType="VARCHAR" property="classificationTweName" />
    <association property="user" javaType="com.jl.psi.model.Person"
			resultMap="uPersonResultMap" />
	<association property="classification" javaType="com.jl.psi.model.Classification"
			resultMap="ClassificationResultMap" />
	<association property="department" javaType="com.jl.psi.model.Department"
			resultMap="DepartmentResultMap" />
	<association property="settlementType" javaType="com.jl.psi.model.SettlementType"
			resultMap="SettlementTypeResultMap" />
	<association property="person" javaType="com.jl.psi.model.Person"
			resultMap="PersonResultMap" />
	<association property="shippingMode" javaType="com.jl.psi.model.ShippingMode"
			resultMap="ShippingModeResultMap" />		
  </resultMap>
  
  <resultMap id="uPersonResultMap" type="com.jl.psi.model.Person">
	<result column="userName" jdbcType="VARCHAR" property="name" />
  </resultMap>
  <resultMap id="ClassificationResultMap" type="com.jl.psi.model.Classification">
		<result column="classificationName" jdbcType="VARCHAR" property="name" />
		<result column="classificationIdentifier" jdbcType="VARCHAR" property="identifier" />
		<result column="classificationParentId" jdbcType="VARCHAR" property="parentId" />
		
  </resultMap>
  <resultMap id="DepartmentResultMap" type="com.jl.psi.model.Department">
    <result column="departmentName" jdbcType="VARCHAR" property="name" />
  </resultMap>
  <resultMap id="SettlementTypeResultMap" type="com.jl.psi.model.SettlementType">
    <result column="settlementTypeName" jdbcType="VARCHAR" property="name" />
  </resultMap>
  <resultMap id="PersonResultMap" type="com.jl.psi.model.Person">
    <result column="personName" jdbcType="VARCHAR" property="name" />
  </resultMap>
  
  <resultMap id="ShippingModeResultMap" type="com.jl.psi.model.ShippingMode">
		<result column="smName" jdbcType="VARCHAR" property="name" />
	</resultMap>
	
   <sql id="Base_Column_List">
    id, classification_id, name, full_name, frade, from_type, settlement_type_id, phone, 
    contact_people, postcode, fax, bank_account, bank, ratepaying, mailbox, invoice_type, 
    delivery_address, credit_days, credit_money, identifier, information, other_information, 
    department_id, person_id, currency, communication_address, memory_code, taxes, 
    member, shipping_mode_id, remark, common_phone, reserve_phone, state, province, city, 
    area,province_code, city_code, area_code, customer_or_supplier, operator_identifier, operator_time,website,useable,is_show,parent_id,advance_money
  </sql>
  <select id="selectByPrimaryKey" parameterType="java.lang.Integer" resultMap="BaseResultMap">
    select 
    <include refid="Base_Column_List" />
    from supcto
    where id = #{id,jdbcType=INTEGER}
  </select>
  
  <!-- 根据customer_or_supplier 获取对应的所有信息 -->
  <select id="selectAllMsgByCustomerOrSupplier" parameterType="java.lang.Integer" resultMap="BaseResultMap">
    select 
    <include refid="Base_Column_List" />
    from supcto
    where customer_or_supplier = #{customerOrSupplier,jdbcType=INTEGER}
    and useable = 1
    and state in(3,6,8,10)
    and is_show = 1
  </select>
  <!-- 根据customer_or_supplier 获取对应的客户所有信息 -->
  <select id="selectAllCustomerByCustomerOrSupplier" parameterType="java.lang.Integer" resultMap="BaseResultMap">
    SELECT
		s.id,
		s.NAME,
		s.province,
		s.city,
		s.area,
		s.fax,
		s.shipping_mode_id,
		s.phone,
		s.delivery_address,
		s.contact_people,
		cc.`name` classificationTweName,
		cp.`name` classificationOneName
	FROM
		supcto s
	LEFT JOIN classification cc ON cc.id = s.classification_id
	LEFT JOIN classification cp ON cp.id = cc.parent_id
	WHERE
		s.customer_or_supplier = 1
	AND s.useable = 1
	AND s.state IN (3, 6, 8, 10)
	AND s.is_show = 1
	
  </select>
  <delete id="deleteByPrimaryKey" parameterType="java.lang.Integer">
    delete from supcto
    where id = #{id,jdbcType=INTEGER}
  </delete>
  <insert id="insert" parameterType="com.jl.psi.model.Supcto">
    insert into supcto (id, classification_id, name, 
      full_name, frade, from_type, 
      settlement_type_id, phone, contact_people, 
      postcode, fax, bank_account, 
      bank, ratepaying, mailbox, 
      invoice_type, delivery_address, credit_days, 
      credit_money, identifier, information, 
      other_information, department_id, person_id, 
      currency, communication_address, memory_code, 
      taxes, member, shipping_mode_id, 
      remark, common_phone, reserve_phone, 
      state, province, city, 
      area,province_code, city_code, area_code, customer_or_supplier, operator_identifier, 
      operator_time,website,useable,is_show,parent_id)
    values (#{id,jdbcType=INTEGER}, #{classificationId,jdbcType=INTEGER}, #{name,jdbcType=VARCHAR}, 
      #{fullName,jdbcType=VARCHAR}, #{frade,jdbcType=INTEGER}, #{fromType,jdbcType=INTEGER}, 
      #{settlementTypeId,jdbcType=INTEGER}, #{phone,jdbcType=VARCHAR}, #{contactPeople,jdbcType=VARCHAR}, 
      #{postcode,jdbcType=VARCHAR}, #{fax,jdbcType=VARCHAR}, #{bankAccount,jdbcType=VARCHAR}, 
      #{bank,jdbcType=VARCHAR}, #{ratepaying,jdbcType=VARCHAR}, #{mailbox,jdbcType=VARCHAR}, 
      #{invoiceType,jdbcType=INTEGER}, #{deliveryAddress,jdbcType=VARCHAR}, #{creditDays,jdbcType=INTEGER}, 
      #{creditMoney,jdbcType=DOUBLE}, #{identifier,jdbcType=VARCHAR}, #{information,jdbcType=VARCHAR}, 
      #{otherInformation,jdbcType=VARCHAR}, #{departmentId,jdbcType=INTEGER}, #{personId,jdbcType=INTEGER}, 
      #{currency,jdbcType=INTEGER}, #{communicationAddress,jdbcType=VARCHAR}, #{memoryCode,jdbcType=VARCHAR}, 
      #{taxes,jdbcType=DOUBLE}, #{member,jdbcType=VARCHAR}, #{shippingModeId,jdbcType=INTEGER}, 
      #{remark,jdbcType=VARCHAR}, #{commonPhone,jdbcType=VARCHAR}, #{reservePhone,jdbcType=VARCHAR}, 
      #{state,jdbcType=INTEGER}, #{province,jdbcType=VARCHAR}, #{city,jdbcType=VARCHAR}, 
      #{area,jdbcType=VARCHAR}, #{provinceCode,jdbcType=VARCHAR}, #{cityCode,jdbcType=VARCHAR}, 
      #{areaCode,jdbcType=VARCHAR}, #{customerOrSupplier,jdbcType=INTEGER}, #{operatorIdentifier,jdbcType=VARCHAR}, 
      #{operatorTime,jdbcType=TIMESTAMP},#{website,jdbcType=VARCHAR},#{useable,jdbcType=INTEGER},#{isShow,jdbcType=INTEGER},#{parentId,jdbcType=INTEGER})
  </insert>
  <insert id="insertSelective" parameterType="com.jl.psi.model.Supcto" useGeneratedKeys="true" keyProperty="id">
    insert into supcto
    <trim prefix="(" suffix=")" suffixOverrides=",">
      <if test="id != null">
        id,
      </if>
      <if test="classificationId != null and classificationId != -1">
        classification_id,
      </if>
      <if test="name != null">
        name,
      </if>
      <if test="fullName != null">
        full_name,
      </if>
      <if test="frade != null and frade != -1">
        frade,
      </if>
      <if test="fromType != null and fromType != -1">
        from_type,
      </if>
      <if test="settlementTypeId != null and settlementTypeId != -1">
        settlement_type_id,
      </if>
      <if test="phone != null">
        phone,
      </if>
      <if test="contactPeople != null">
        contact_people,
      </if>
      <if test="postcode != null">
        postcode,
      </if>
      <if test="fax != null">
        fax,
      </if>
      <if test="bankAccount != null">
        bank_account,
      </if>
      <if test="bank != null">
        bank,
      </if>
      <if test="ratepaying != null">
        ratepaying,
      </if>
      <if test="mailbox != null">
        mailbox,
      </if>
      <if test="invoiceType != null and invoiceType != -1 ">
        invoice_type,
      </if>
      <if test="deliveryAddress != null">
        delivery_address,
      </if>
      <if test="creditDays != null">
        credit_days,
      </if>
      <if test="creditMoney != null">
        credit_money,
      </if>
      <if test="identifier != null">
        identifier,
      </if>
      <if test="information != null">
        information,
      </if>
      <if test="otherInformation != null">
        other_information,
      </if>
      <if test="departmentId != null and departmentId != -1 ">
        department_id,
      </if>
      <if test="personId != null and personId != -1">
        person_id,
      </if>
      <if test="currency != null  and currency != -1">
        currency,
      </if>
      <if test="communicationAddress != null">
        communication_address,
      </if>
      <if test=" memoryCode != null">
        memory_code,
      </if>
      <if test="taxes != null">
        taxes,
      </if>
      <if test="member != null">
        member,
      </if>
      <if test="shippingModeId != null and shippingModeId != -1">
        shipping_mode_id,
      </if>
      <if test="remark != null">
        remark,
      </if>
      <if test="commonPhone != null">
        common_phone,
      </if>
      <if test="reservePhone != null">
        reserve_phone,
      </if>
      <if test="state != null">
        state,
      </if>
      <if test="province != null">
        province,
      </if>
      <if test="city != null">
        city,
      </if>
      <if test="area != null">
        area,
      </if>
       <if test="provinceCode != null">
        province_code,
      </if>
      <if test="cityCode != null">
        city_code,
      </if>
      <if test="areaCode != null">
        area_code,
      </if>
      <if test="customerOrSupplier != null">
        customer_or_supplier,
      </if>
      <if test="operatorIdentifier != null">
        operator_identifier,
      </if>
      <if test="operatorTime != null">
        operator_time,
      </if>
      <if test="website != null">
        website,
      </if>
       <if test="useable != null">
        useable,
      </if>
       <if test="isShow != null">
        is_show,
      </if>
       <if test="parentId != null">
        parent_id,
      </if>
    </trim>
    <trim prefix="values (" suffix=")" suffixOverrides=",">
      <if test="id != null">
        #{id,jdbcType=INTEGER},
      </if>
      <if test="classificationId != null and classificationId != -1">
        #{classificationId,jdbcType=INTEGER},
      </if>
      <if test="name != null">
        #{name,jdbcType=VARCHAR},
      </if>
      <if test="fullName != null">
        #{fullName,jdbcType=VARCHAR},
      </if>
      <if test="frade != null and frade != -1">
        #{frade,jdbcType=INTEGER},
      </if>
      <if test="fromType != null and fromType != -1">
        #{fromType,jdbcType=INTEGER},
      </if>
      <if test="settlementTypeId != null and settlementTypeId != -1 ">
        #{settlementTypeId,jdbcType=INTEGER},
      </if>
      <if test="phone != null">
        #{phone,jdbcType=VARCHAR},
      </if>
      <if test="contactPeople != null">
        #{contactPeople,jdbcType=VARCHAR},
      </if>
      <if test="postcode != null">
        #{postcode,jdbcType=VARCHAR},
      </if>
      <if test="fax != null">
        #{fax,jdbcType=VARCHAR},
      </if>
      <if test="bankAccount != null">
        #{bankAccount,jdbcType=VARCHAR},
      </if>
      <if test="bank != null">
        #{bank,jdbcType=VARCHAR},
      </if>
      <if test="ratepaying != null">
        #{ratepaying,jdbcType=VARCHAR},
      </if>
      <if test="mailbox != null">
        #{mailbox,jdbcType=VARCHAR},
      </if>
      <if test="invoiceType != null and invoiceType != -1 ">
        #{invoiceType,jdbcType=INTEGER},
      </if>
      <if test="deliveryAddress != null">
        #{deliveryAddress,jdbcType=VARCHAR},
      </if>
      <if test="creditDays != null">
        #{creditDays,jdbcType=INTEGER},
      </if>
      <if test="creditMoney != null">
        #{creditMoney,jdbcType=DOUBLE},
      </if>
      <if test="identifier != null">
        #{identifier,jdbcType=VARCHAR},
      </if>
      <if test="information != null">
        #{information,jdbcType=VARCHAR},
      </if>
      <if test="otherInformation != null">
        #{otherInformation,jdbcType=VARCHAR},
      </if>
      <if test="departmentId != null and departmentId != -1 ">
        #{departmentId,jdbcType=INTEGER},
      </if>
      <if test="personId != null and personId != -1">
        #{personId,jdbcType=INTEGER},
      </if>
      <if test="currency != null  and currency != -1">
        #{currency,jdbcType=INTEGER},
      </if>
      <if test="communicationAddress != null">
        #{communicationAddress,jdbcType=VARCHAR},
      </if>
      <if test=" memoryCode != null">
        #{memoryCode,jdbcType=VARCHAR},
      </if>
      <if test="taxes != null">
        #{taxes,jdbcType=DOUBLE},
      </if>
      <if test="member != null">
        #{member,jdbcType=VARCHAR},
      </if>
      <if test="shippingModeId != null and shippingModeId != -1">
        #{shippingModeId,jdbcType=INTEGER},
      </if>
      <if test="remark != null">
        #{remark,jdbcType=VARCHAR},
      </if>
      <if test="commonPhone != null">
        #{commonPhone,jdbcType=VARCHAR},
      </if>
      <if test="reservePhone != null">
        #{reservePhone,jdbcType=VARCHAR},
      </if>
      <if test="state != null">
        #{state,jdbcType=INTEGER},
      </if>
      <if test="province != null">
        #{province,jdbcType=VARCHAR},
      </if>
      <if test="city != null">
        #{city,jdbcType=VARCHAR},
      </if>
      <if test="area != null">
        #{area,jdbcType=VARCHAR},
      </if>
      <if test="provinceCode != null">
        #{provinceCode,jdbcType=VARCHAR},
      </if>
      <if test="cityCode != null">
        #{cityCode,jdbcType=VARCHAR},
      </if>
      <if test="areaCode != null">
        #{areaCode,jdbcType=VARCHAR},
      </if>
      <if test="customerOrSupplier != null">
        #{customerOrSupplier,jdbcType=INTEGER},
      </if>
      <if test="operatorIdentifier != null">
        #{operatorIdentifier,jdbcType=VARCHAR},
      </if>
      <if test="operatorTime != null">
        #{operatorTime,jdbcType=TIMESTAMP},
      </if>
      <if test="website != null">
        #{website,jdbcType=VARCHAR},
      </if>
      <if test="useable != null">
        #{useable,jdbcType=INTEGER},
      </if>
       <if test="isShow != null">
        #{isShow,jdbcType=INTEGER},
      </if>
       <if test="parentId != null">
        #{parentId,jdbcType=INTEGER},
      </if>
    </trim>
  </insert>
  <update id="updateByPrimaryKeySelective" parameterType="com.jl.psi.model.Supcto">
    update supcto
    <set>
      <if test="classificationId != null ">
        classification_id = #{classificationId,jdbcType=INTEGER},
      </if>
      <if test="name != null">
        name = #{name,jdbcType=VARCHAR},
      </if>
      <if test="fullName != null">
        full_name = #{fullName,jdbcType=VARCHAR},
      </if>
      <if test="frade != null">
        frade = #{frade,jdbcType=INTEGER},
      </if>
      <if test="fromType != null ">
        from_type = #{fromType,jdbcType=INTEGER},
      </if>
      <if test="settlementTypeId != null ">
        settlement_type_id = #{settlementTypeId,jdbcType=INTEGER},
      </if>
      <if test="phone != null">
        phone = #{phone,jdbcType=VARCHAR},
      </if>
      <if test="contactPeople != null">
        contact_people = #{contactPeople,jdbcType=VARCHAR},
      </if>
      <if test="postcode != null">
        postcode = #{postcode,jdbcType=VARCHAR},
      </if>
      <if test="fax != null">
        fax = #{fax,jdbcType=VARCHAR},
      </if>
      <if test="bankAccount != null">
        bank_account = #{bankAccount,jdbcType=VARCHAR},
      </if>
      <if test="bank != null">
        bank = #{bank,jdbcType=VARCHAR},
      </if>
      <if test="ratepaying != null">
        ratepaying = #{ratepaying,jdbcType=VARCHAR},
      </if>
      <if test="mailbox != null">
        mailbox = #{mailbox,jdbcType=VARCHAR},
      </if>
      <if test="invoiceType != null ">
        invoice_type = #{invoiceType,jdbcType=INTEGER},
      </if>
      <if test="deliveryAddress != null">
        delivery_address = #{deliveryAddress,jdbcType=VARCHAR},
      </if>
      <if test="creditDays != null">
        credit_days = #{creditDays,jdbcType=INTEGER},
      </if>
      <if test="creditMoney != null">
        credit_money = #{creditMoney,jdbcType=DOUBLE},
      </if>
      <if test="identifier != null">
        identifier = #{identifier,jdbcType=VARCHAR},
      </if>
      <if test="information != null">
        information = #{information,jdbcType=VARCHAR},
      </if>
      <if test="otherInformation != null">
        other_information = #{otherInformation,jdbcType=VARCHAR},
      </if>
      <if test="departmentId != null">
        department_id = #{departmentId,jdbcType=INTEGER},
      </if>
      <if test="personId != null">
        person_id = #{personId,jdbcType=INTEGER},
      </if>
      <if test="currency != null ">
        currency = #{currency,jdbcType=INTEGER},
      </if>
      <if test="communicationAddress != null">
        communication_address = #{communicationAddress,jdbcType=VARCHAR},
      </if>
      <if test=" memoryCode != null">
        memory_code = #{memoryCode,jdbcType=VARCHAR},
      </if>
      <if test="taxes != null">
        taxes = #{taxes,jdbcType=DOUBLE},
      </if>
      <if test="member != null">
        member = #{member,jdbcType=VARCHAR},
      </if>
      <if test="shippingModeId != null">
        shipping_mode_id = #{shippingModeId,jdbcType=INTEGER},
      </if>
      <if test="remark != null">
        remark = #{remark,jdbcType=VARCHAR},
      </if>
      <if test="commonPhone != null">
        common_phone = #{commonPhone,jdbcType=VARCHAR},
      </if>
      <if test="reservePhone != null ">
        reserve_phone = #{reservePhone,jdbcType=VARCHAR},
      </if>
      <if test="state != null">
        state = #{state,jdbcType=INTEGER},
      </if>
      <if test="province != null">
        province = #{province,jdbcType=VARCHAR},
      </if>
      <if test="city != null">
        city = #{city,jdbcType=VARCHAR},
      </if>
      <if test="area != null">
        area = #{area,jdbcType=VARCHAR},
      </if>
       <if test="provinceCode != null">
        province_code = #{provinceCode,jdbcType=VARCHAR},
      </if>
      <if test="cityCode != null">
        city_code = #{cityCode,jdbcType=VARCHAR},
      </if>
      <if test="areaCode != null">
        area_code = #{areaCode,jdbcType=VARCHAR},
      </if>
      <if test="customerOrSupplier != null">
        customer_or_supplier = #{customerOrSupplier,jdbcType=INTEGER},
      </if>
      <if test="operatorIdentifier != null">
        operator_identifier = #{operatorIdentifier,jdbcType=VARCHAR},
      </if>
      <if test="operatorTime != null">
        operator_time = #{operatorTime,jdbcType=TIMESTAMP},
      </if>
       <if test="website != null">
        website = #{website,jdbcType=VARCHAR},
      </if>
       <if test="useable != null">
        useable = #{useable,jdbcType=INTEGER},
      </if>
        <if test="isShow != null">
        is_show = #{isShow,jdbcType=INTEGER},
      </if>
       <if test="parentId != null">
        parent_id = #{parentId,jdbcType=INTEGER},
      </if>
    </set>
    where id = #{id,jdbcType=INTEGER}
  </update>
  <update id="updateByPrimaryKey" parameterType="com.jl.psi.model.Supcto">
    update supcto
    set classification_id = #{classificationId,jdbcType=INTEGER},
      name = #{name,jdbcType=VARCHAR},
      full_name = #{fullName,jdbcType=VARCHAR},
      frade = #{frade,jdbcType=INTEGER},
      from_type = #{fromType,jdbcType=INTEGER},
      settlement_type_id = #{settlementTypeId,jdbcType=INTEGER},
      phone = #{phone,jdbcType=VARCHAR},
      contact_people = #{contactPeople,jdbcType=VARCHAR},
      postcode = #{postcode,jdbcType=VARCHAR},
      fax = #{fax,jdbcType=VARCHAR},
      bank_account = #{bankAccount,jdbcType=VARCHAR},
      bank = #{bank,jdbcType=VARCHAR},
      ratepaying = #{ratepaying,jdbcType=VARCHAR},
      mailbox = #{mailbox,jdbcType=VARCHAR},
      invoice_type = #{invoiceType,jdbcType=INTEGER},
      delivery_address = #{deliveryAddress,jdbcType=VARCHAR},
      credit_days = #{creditDays,jdbcType=INTEGER},
      credit_money = #{creditMoney,jdbcType=DOUBLE},
      identifier = #{identifier,jdbcType=VARCHAR},
      information = #{information,jdbcType=VARCHAR},
      other_information = #{otherInformation,jdbcType=VARCHAR},
      department_id = #{departmentId,jdbcType=INTEGER},
      person_id = #{personId,jdbcType=INTEGER},
      currency = #{currency,jdbcType=INTEGER},
      communication_address = #{communicationAddress,jdbcType=VARCHAR},
      memory_code = #{memoryCode,jdbcType=VARCHAR},
      taxes = #{taxes,jdbcType=DOUBLE},
      member = #{member,jdbcType=VARCHAR},
      shipping_mode_id = #{shippingModeId,jdbcType=INTEGER},
      remark = #{remark,jdbcType=VARCHAR},
      common_phone = #{commonPhone,jdbcType=VARCHAR},
      reserve_phone = #{reservePhone,jdbcType=VARCHAR},
      state = #{state,jdbcType=INTEGER},
      province = #{province,jdbcType=VARCHAR},
      city = #{city,jdbcType=VARCHAR},
      area = #{area,jdbcType=VARCHAR},
      province_code = #{provinceCode,jdbcType=VARCHAR},
      city_code = #{cityCode,jdbcType=VARCHAR},
      area_code = #{areaCode,jdbcType=VARCHAR},
      customer_or_supplier = #{customerOrSupplier,jdbcType=INTEGER},
      operator_identifier = #{operatorIdentifier,jdbcType=VARCHAR},
      operator_time = #{operatorTime,jdbcType=TIMESTAMP},
      website = #{website,jdbcType=VARCHAR},
      useable = #{useable,jdbcType=INTEGER},
      is_show = #{isShow,jdbcType=INTEGER},
      parent_id = #{parentId,jdbcType=INTEGER}
    where id = #{id,jdbcType=INTEGER}
  </update>
  
    <!-- 根据id列表更改状态 -->
	<update id="updateStateByIds" parameterType="java.util.Map" >
 		update supcto  
 		<set>
	      <if test="state != null ">
	        state = #{state},
	      </if>
	      <if test="useable != null">
	        useable = #{useable},
	      </if> 
	      <if test="isShow != null">
	        is_show = #{isShow},
	      </if> 
	      <if test="clear == 1">
	        parent_id = null,
	      </if>
	    </set>
 		where id  in (
      	<foreach collection="ids"  item="item"  index="index" separator=",">
					  #{item}
	    </foreach>
      )

	</update>
	
	    <!-- 增加或编辑前判断是否重复 -->
	<select id="checkIsRepeat" resultMap="BaseResultMap">
		select * from supcto where name = #{name,jdbcType=VARCHAR} 
		and customer_or_supplier = #{customerOrSupplier,jdbcType=INTEGER}
		<if test="id != null">
	        and id != #{id,jdbcType=INTEGER}
	    </if>
	    and state != 11
	</select>
	
	  <!-- 根据id更新新数据 -->
	<update id="updateNewDataById" parameterType="java.lang.Integer" >
 		UPDATE supcto
		SET id = parent_id,
			parent_id = NULL,
			state = 3
		WHERE
		id =#{id}
	</update>
	
	<!-- 修改预付/预收 余额-->
	  <update id="updateAdvanceMoney"  >
	   update supcto
    set advance_money = #{advanceMoney,jdbcType=DOUBLE}
    where id = #{id,jdbcType=INTEGER}
	  </update>
	
	<!-- 根据id列表获取信息 -->
	<select id="getSupctoByIds" parameterType="java.util.List" resultMap="BaseResultMap">
		 select * from supcto where id  in (
		<foreach collection="list" item="item" separator=",">
          #{item}
      	</foreach>
      	) 

	</select>
	
	<!-- 根据id列表删除信息 -->
	<delete id="deleteSupctoByIds" parameterType="java.util.List">
 		delete from supcto where id in (
      	<foreach collection="list" item="item" separator=",">
          #{item}
      	</foreach>
      )

	</delete>
	
	
	<!--判断关联   根据id联合商品表获取编号 -->
	<select id="selectSupctoIdentifierByIdAndCommodity" parameterType="java.util.List" resultMap="BaseResultMap">
		select DISTINCT(a.identifier) from supcto a, commodity c,commodity_specification cs where a.id = c.supcto_id and cs.commodity_id=c.id and a.id in(
			<foreach collection="list" item="item" separator=",">
	          #{item}
	      	</foreach>
		)
		and cs.state!=10
	</select>
	
  	<!--判断关联   根据id联合采购订单表获取编号 -->
	<select id="selectSupctoIdentifierFromProcureTableByIds" parameterType="java.util.List" resultMap="BaseResultMap">
		select DISTINCT(a.identifier) from supcto a, procure_table c where c.is_delete=0 and a.id = c.supcto_id and a.id in(
			<foreach collection="list" item="item" separator=",">
	          #{item}
	      	</foreach>
		)
	</select>
	
	<!--判断关联   根据id联合销售订单表获取编号 -->
	<select id="selectSupctoIdentifierFromSalesOrderByIds" parameterType="java.util.List" resultMap="BaseResultMap">
		select DISTINCT(a.identifier) from supcto a, sales_order c where a.id = c.supcto_id and c.state!=37 and a.id in(
			<foreach collection="list" item="item" separator=",">
	          #{item}
	      	</foreach>
		)
	</select>
	
	<!--判断关联   根据id联合销售计划单表获取编号 -->
	<select id="selectSupctoIdentifierFromSalesPlanOrderByIds" parameterType="java.util.List" resultMap="BaseResultMap">
		select DISTINCT(a.identifier) from supcto a, sales_plan_order c where a.id = c.supcto_id and c.state!=4 and a.id in(
			<foreach collection="list" item="item" separator=",">
	          #{item}
	      	</foreach>
		)
	</select>
  
	<!--判断关联   根据id联合writeoff表获取编号 -->
	<select id="selectSupctoIdentifierFromWriteOffByIds" parameterType="java.util.List" resultMap="BaseResultMap">
		select DISTINCT(a.identifier) from supcto a, writeoff c where (a.id = c.company_one OR a.id = c.company_two) and a.id in(
			<foreach collection="list" item="item" separator=",">
	          #{item}
	      	</foreach>
		)
	</select>
  
  	<!--判断关联   根据id联合bills表获取编号 -->
	<select id="selectSupctoIdentifierFromBillsByIds" parameterType="java.util.List" resultMap="BaseResultMap">
		select DISTINCT(a.identifier) from supcto a, bills c where a.id = c.customer_supplier_id and a.id in(
			<foreach collection="list" item="item" separator=",">
	          #{item}
	      	</foreach>
		)
	</select>
  

	
	<!-- 根据运输方式id列表获取客户/供应商信息 -->
	<select id="getSupctoByTransportMode" parameterType="java.util.List" resultMap="BaseResultMap">
		 select s.*, sm.`name` smName
		  from supcto s
		  LEFT JOIN shipping_mode sm ON sm.id = s.shipping_mode_id
		  where s.shipping_mode_id  in (
		<foreach collection="list" item="item" separator=",">
          #{item}
      	</foreach>
      	) 
		GROUP BY s.shipping_mode_id
	</select>
	
  
  <!--定义一个sql片段-->
	<sql id="query_where">
	 	<if test="classificationId!=-1">
			AND a.classification_id =#{classificationId}
		</if>
		<if test="name!=null and name!=''">
			AND a.name like '%${name}%'
		</if>
		<if test="fromType!=null and fromType!='' and fromType!=-1 ">
			AND a.from_type =#{fromType}
		</if>
		<if test="state!=null and state!='' and state!=-1">
			AND a.state =#{state}
		</if>
		<if test="provinceCode!=null and provinceCode!='' and provinceCode!=-1">
			AND a.province_code =#{provinceCode}
		</if>
		<if test="cityCode!=null and cityCode!='' and cityCode!=-1">
			AND a.city_code =#{cityCode}
		</if>
		<if test="areaCode!=null and areaCode!='' and areaCode!=-1">
			AND a.area_code =#{areaCode}
		</if>
		<if test="operatorIdentifier!=null and operatorIdentifier!=''">
			AND u.name like '%${operatorIdentifier}%'
		</if>
		<if test="beginTime!=null and beginTime!=''">
			AND date_format(a.operator_time,'%Y-%m-%d') &gt;= #{beginTime}
			AND date_format(a.operator_time,'%Y-%m-%d') &lt;= #{endTime}
		</if>
	</sql>
  
   <select id="selectMsgOrderBySearchMsg" resultMap="BaseResultMap">
		 SELECT
			a.*,
		  u. NAME userName,
		  c. name classificationName,
			c.identifier classificationIdentifier,
			c.parent_id classificationParentId,
			s.name settlementTypeName,
			sm.name smName,
		  d.name departmentName,
			p.name personName
		FROM
			supcto a
		LEFT JOIN person u ON u.identifier = a.operator_identifier
		LEFT JOIN classification c ON c.id = a.classification_id
		LEFT JOIN settlement_type s ON s.id = a.settlement_type_id
		 LEFT JOIN shipping_mode sm ON sm.id = a.shipping_mode_id
		LEFT JOIN department d ON d.id = a.department_id
		LEFT JOIN person p ON p.id = a.person_id
		where customer_or_supplier=#{customerOrSupplier} 
		and is_show = 1
		<if test="flag==2">
			and state = 2
		</if>
		<include refid="query_where"></include>
	</select>
  
  <!-- datatable 分页 start -->
    <!-- 查询记录总条数 -->
	<select id="iTotalRecords" resultType="java.lang.Integer">
		SELECT
			count(1)
		FROM
			supcto a
		LEFT JOIN person u ON u.identifier = a.operator_identifier
		LEFT JOIN classification c ON c.id = a.classification_id
		LEFT JOIN settlement_type s ON s.id = a.settlement_type_id
		LEFT JOIN shipping_mode sm ON sm.id = a.shipping_mode_id
		LEFT JOIN department d ON d.id = a.department_id
		LEFT JOIN person p ON p.id = a.person_id
		where customer_or_supplier=#{customerOrSupplier} 
		and is_show = 1
		<if test="flag==2">
			and state = 2
		</if>
		<if test="flag==3">
			and state = 5
		</if>
		<if test="flag==4">
			and state in(3,6,8,10)
		</if>
		<if test="flag==5">
			and state in(3,6,8,9,10)
		</if>
		<if test="flag==6">
			and state = 9
		</if>
		
	</select>
	<!-- 查询所有信息 结果集 -->
	<select id="selectForSearch" resultMap="BaseResultMap">
		
	  SELECT
			a.*,
		  u. NAME userName,
		  c. name classificationName,
			c.identifier classificationIdentifier,
			c.parent_id classificationParentId,
			s.name settlementTypeName,
			sm.name smName,
		  d.name departmentName,
			p.name personName
		FROM
			supcto a
		LEFT JOIN person u ON u.identifier = a.operator_identifier
		LEFT JOIN classification c ON c.id = a.classification_id
		LEFT JOIN settlement_type s ON s.id = a.settlement_type_id
		LEFT JOIN shipping_mode sm ON sm.id = a.shipping_mode_id
		LEFT JOIN department d ON d.id = a.department_id
		LEFT JOIN person p ON p.id = a.person_id
		where customer_or_supplier=#{customerOrSupplier} 
		and is_show = 1
		<if test="flag==2">
			and state = 2
		</if>
		<if test="flag==3">
			and state = 5
		</if>
		<if test="flag==4">
			and state in(3,6,8,10)
		</if>
		<if test="flag==5">
			and state in(3,6,8,9,10)
		</if>
		<if test="flag==6">
			and state = 9
		</if>
		<include refid="query_where"></include>
		
		<if test="desc!=null and desc!='' ">
			order by ${desc} desc
		</if>
		<if test="asc!=null and asc!=''">
			order by ${asc} asc
		</if>
		limit ${iDisplayStart},${pageDisplayLength}
	</select>
	<!-- 通过搜索条件过滤后的总记录 -->
	<select id="iTotalDisplayRecords" resultType="java.lang.Integer">
		SELECT
			count(1)
		FROM
			supcto a
		LEFT JOIN person u ON u.identifier = a.operator_identifier
		LEFT JOIN classification c ON c.id = a.classification_id
		LEFT JOIN settlement_type s ON s.id = a.settlement_type_id
		LEFT JOIN shipping_mode sm ON sm.id = a.shipping_mode_id
		LEFT JOIN department d ON d.id = a.department_id
		LEFT JOIN person p ON p.id = a.person_id
		where customer_or_supplier=#{customerOrSupplier} 
		and is_show = 1
		<if test="flag==2">
			and state = 2
		</if>
		<if test="flag==3">
			and state = 5
		</if>
		<if test="flag==4">
			and state in(3,6,8,10)
		</if>
		<if test="flag==5">
			and state in(3,6,8,9,10)
		</if>
		<if test="flag==6">
			and state = 9
		</if>
		<include refid="query_where"></include>
			
	</select>

	<!-- datatable 分页 end -->
	
	
	
</mapper>